slug,title,excerpt,category,readTime,date,authorName,authorRole,authorImage,authorBio,featuredImage,content
we-analyzed-1547-ai-optimized-directories-what-works,"We Analyzed 1,547 AI-Optimized Directories: Here's What Actually Works","A comprehensive analysis of successful AI-driven directory optimization strategies, backed by real data and case studies.","Directory Optimization","8 min read","2024-01-28","Sarah Chen","Directory Optimization Specialist","https://images.unsplash.com/photo-1494790108377-be9c29b29330?auto=format&fit=crop&w=800&q=80","Sarah Chen is a leading expert in directory optimization with over 8 years of experience in AI-driven local SEO strategies.","https://images.unsplash.com/photo-1451187580459-43490279c0fa?auto=format&fit=crop&w=2400&q=80","# We Analyzed 1,547 AI-Optimized Directories: Here's What Actually Works

## Key Findings from Our Research

After analyzing 1,547 AI-optimized business directories, we've uncovered the critical factors that separate successful implementations from failures. Here are our key findings:

### 1. Automated Category Mapping

- 73% of successful directories use AI for automatic category mapping
- Reduces miscategorization by 89%
- Improves search relevance by 156%

### 2. Smart Description Generation

- AI-generated descriptions increase click-through rates by 43%
- Natural language processing ensures contextual accuracy
- Keyword optimization without overstuffing

### 3. Real-time Data Validation

- 94% reduction in outdated information
- Automatic verification of business hours and contact details
- Proactive error detection and correction"
127k-revenue-increase-directory-management-journey,"The $127K Revenue Increase: A Small Business's Directory Management Journey","How Riverside Cafe transformed their business through automated directory management, achieving a remarkable revenue increase in just six months.","Case Studies","6 min read","2024-01-25","James Wilson","Business Growth Strategist","https://images.unsplash.com/photo-1556157382-97eda2f9e2bf?auto=format&fit=crop&w=800&q=80","James Wilson specializes in helping small businesses leverage technology for growth, with a focus on directory optimization and local SEO.","https://images.unsplash.com/photo-1560264280-88b68371db39?auto=format&fit=crop&w=2400&q=80","# The $127K Revenue Increase: A Small Business's Directory Management Journey

## The Challenge

Riverside Cafe, a local restaurant, struggled with:
- Inconsistent directory listings
- Outdated information across platforms
- Limited online visibility
- Manual update processes

## The Solution

### Phase 1: Implementation

1. Automated directory management system
2. AI-powered listing optimization
3. Real-time updates across platforms
4. Smart category mapping

### Phase 2: Optimization

1. Local SEO enhancement
2. Review management automation
3. Performance tracking
4. Data-driven adjustments"
beyond-basic-listings-managing-10000-directories,"Beyond Basic Listings: What We Learned Managing 10,000+ Business Directories","Insights and strategies from managing over 10,000 business directories, revealing the patterns of success and common pitfalls to avoid.","Best Practices","10 min read","2024-01-22","David Kumar","Enterprise Solutions Architect","https://images.unsplash.com/photo-1519085360753-af0119f7cbe7?auto=format&fit=crop&w=800&q=80","David Kumar has spent a decade optimizing enterprise-level directory management systems and developing scalable solutions for multi-location businesses.","https://images.unsplash.com/photo-1504384764586-bb4cdc1707b0?auto=format&fit=crop&w=2400&q=80","# Beyond Basic Listings: What We Learned Managing 10,000+ Business Directories

## The Scale Challenge

Managing 10,000+ directories revealed:
- Traditional methods don't scale
- Manual updates create errors
- Consistency is key for success
- Automation is essential

## Key Insights

### 1. Automation is Non-Negotiable

- 97% error reduction with automation
- 89% time savings in updates
- 100% consistency across listings

### 2. Data Quality Matters

- Clean data improves ranking by 43%
- Structured data boosts visibility
- Regular audits prevent decay" 